{"properties": [
  {
    "name": "spring.jpa.datasource-platform",
    "type": "java.lang.String",
    "description": "A description for 'spring.jpa.datasource-platform'"
  },
  {
    "name": "database_url",
    "type": "java.lang.String",
    "description": "A description for 'database_url'"
  },
  {
    "name": "database_username",
    "type": "java.lang.String",
    "description": "A description for 'database_username'"
  },
  {
    "name": "database_password",
    "type": "java.lang.String",
    "description": "A description for 'database_password'"
  }
]}